-- -----------------------------------------------------
-- TABLA PERSONA
-- -----------------------------------------------------
INSERT INTO PERSONA VALUES ('1234567890102', '1234567-1', 'DANIEL MOISES', 'LOPEZ AGUIRRE',TO_DATE('03/03/1990','dd/mm/yyyy'), '23412354', '8VA CALLE 3-15 ZONA 14, GUATEMALA');
INSERT INTO PERSONA VALUES ('2345678910103', '2345678-2', 'ROSA MARIA', 'MENDEZ LOPEZ', TO_DATE('04/02/1986','dd/mm/yyyy'), '45657898', 'AV BOLÍVAR 28-02 ZONA 3, GUATEMALA');
INSERT INTO PERSONA VALUES ('3456789930104', '3456789-3', 'JUAN LUIS', 'CHAMO LOPEZ', TO_DATE('08/01/1982','dd/mm/yyyy'), '87895463', 'CALZADA ROOSEVELT KM 14, 6-38 ZONA 2 DE MIXCO, COLONIA EL TESORO, GUATEMALA');
INSERT INTO PERSONA VALUES ('4567900950105', '4567891-4', 'JOSE MARIO', 'MARTINEZ', TO_DATE('12/12/1977','dd/mm/yyyy'), '8789654', '19 AVENIDA 8-10 ZONA 11, GUATEMALA');
INSERT INTO PERSONA VALUES ('5679011970106', '5678912-5', 'JORGE', 'KAHAJAL', TO_DATE('15/11/1973','dd/mm/yyyy'), '54513569', 'KM 258.7 CALZ KAIBIL BALAM CAMBOTE ZONA 11 HUEHUETENANGO, GUATEMALA');
INSERT INTO PERSONA VALUES ('6790122990107', '6789123-6', 'MAURICIO MANUEL', 'MENDIZABAL ', TO_DATE('19/10/1969','dd/mm/yyyy'), '98652147', 'CALZADA ROOSEVELT 39-77 ZONA 11, GUATEMALA');
INSERT INTO PERSONA VALUES ('7901234010108', '7891234-7', 'PEDRO JUAN', 'KOJOL MUCH', TO_DATE('22/09/1965','dd/mm/yyyy'), '56983278', '17 AVENIDA 25-29 ZONA 11 PERIFÉRICO, GUATEMALA');
INSERT INTO PERSONA VALUES ('9012345030109', '8912345-8', 'URIAS LUIS', 'LAPARRA', TO_DATE('26/08/1961','dd/mm/yyyy'), '22553355', '14 CALLE 14A-05 ZONA 3, GUATEMALA');
INSERT INTO PERSONA VALUES ('1012345600110', '9123456-9', 'IRIS ELIZABETH', 'PEREZ LOPEZ', TO_DATE('30/07/1957','dd/mm/yyyy'), '44568791', 'CALZ SAN JUAN 10-18 Z-3 MIXCO COL NUEVA MONTSERRAT, GUATEMALA');
INSERT INTO PERSONA VALUES ('1123456700111', '1234567-0', 'ANDREA BELEN', 'QUIJAY PETUN', TO_DATE('03/07/1953','dd/mm/yyyy'), '75787974', '6 C 8-300 Z-1 BARRIO LAS CASAS, COATEPEQUE, GUATEMALA');
INSERT INTO PERSONA VALUES ('1212345650302', '1987456-2', 'MANUEL DE JESUS', 'MORALES SILVA ', TO_DATE('20/10/1969','dd/mm/yyyy'), '56895487', '28 CALLE 7-91 ZONA 3, GUATEMALA');
INSERT INTO PERSONA VALUES ('1790123400108', '2987564-9', 'LOIDA MARIA', 'LIMON CHUPAO', TO_DATE('25/12/1975','dd/mm/yyyy'), '23565487', ' 28 CALLE 7-91 ZONA 3, GUATEMALA');
INSERT INTO PERSONA VALUES ('2901234500109', '3987654-8', 'CARLOS JOSE', 'KILOU MIRANDA', TO_DATE('23/09/1961','dd/mm/yyyy'), '54672354', 'OFICINAS 13 CALLE 8-44 OFICINA 102 PLAZA EDYMA ZONA 10, GUATEMALA');
INSERT INTO PERSONA VALUES ('3112345600110', '4987654-6', 'DIEGO SILVESTRE', 'CID NAJERA', TO_DATE('30/11/1977','dd/mm/yyyy'), '56548787', ' 13 AVENIDA 2-96 ZONA 15 TECUN UMAN, GUATEMALA');
INSERT INTO PERSONA VALUES ('4123456700111', '5987654-1', 'JESICA NANCY', 'GUZMAN HERNANDEZ', TO_DATE('05/12/1953','dd/mm/yyyy'), '54565456', ' 18 AVENIDA 19-67 ZONA 16, GUATEMALA');

-- -----------------------------------------------------
-- TABLA EMPRESA
-- -----------------------------------------------------
INSERT INTO EMPRESA VALUES ('354569', '9123456-K', 'AMERICAS S.A.', 'AVENIDA PETAPA 28-98 ZONA 12 EDIFICIO LA GRAN VÍA, GUATEMALA');
INSERT INTO EMPRESA VALUES ('546799', '1234567-L', 'LAS TORRES', '3 AVENIDA 10-21 ZONA 6 MIXCO COLONIA SAN FRANCISCO II');
INSERT INTO EMPRESA VALUES ('789456', '9123456-M', 'COMUNIDAD LOCAL DE INVERSION', '10 CALLE 6-53 ZONA 2, GUATEMALA');
INSERT INTO EMPRESA VALUES ('998495', '1234567-P', 'LATAM S.A.', 'VISTA HERMOSA III CAMPUS CENTRAL ZONA 16, GUATEMALA');
INSERT INTO EMPRESA VALUES ('998786', '9123456-T', 'EVENTOS INTERNACIONALES S.A.', 'VISTA HERMOSA III CAMPUS CENTRAL ZONA 16, GUATEMALA');

-- -----------------------------------------------------
-- TABLA PRODUCTO
-- -----------------------------------------------------
INSERT INTO PRODUCTO (TIPO, TASA_INTERES, SALDO_MINIMO) VALUES ('AHORRO', '0.03', '100');
INSERT INTO PRODUCTO (TIPO, TASA_INTERES, SALDO_MINIMO) VALUES ('MONETARIA', '0.015', '0');

-- -----------------------------------------------------
-- TABLA AGENCIA
-- -----------------------------------------------------
INSERT INTO AGENCIA (NOMBRE, DIRECCION) VALUES ('ROOSEVELT', '3 AVENIDA 13-78 ZONA 10 EDIFICIO CITIGROUP PLAZA INTERNACIONAL NIVEL 5, GUATEMALA');
INSERT INTO AGENCIA (NOMBRE, DIRECCION) VALUES ('MARTI', 'AVENIDA REFORMA 9-00 ZONA 9 EDIF PLAZA PANAMERICANA NIV 1, GUATEMALA');
INSERT INTO AGENCIA (NOMBRE, DIRECCION) VALUES ('AMERICAS', '7 AVENIDA 7-07 ZONA 9 EDIFICIO ARREND NIVEL 7, GUATEMALA');
INSERT INTO AGENCIA (NOMBRE, DIRECCION) VALUES ('CHINAUTLA', 'DIAGONAL 6, 12 - 42 ZONA 10 DESIGN CENTER LOCAL # 125, GUATEMALA');
INSERT INTO AGENCIA (NOMBRE, DIRECCION) VALUES ('ELECTRA', '7 AVENIDA 22-77 ZONA 1, GUATEMALA');
INSERT INTO AGENCIA (NOMBRE, DIRECCION) VALUES ('HIPERPAIZ NORTE', 'AVENIDA LAS AMÉRICAS 8-42 ZONA 13, OCTAVO NIVEL (OFICINA 804) EDIFICIO AMÉRICAS 10, GUATEMALA');
INSERT INTO AGENCIA (NOMBRE, DIRECCION) VALUES ('MEGACENTRO', '17 AVENIDA 11-50 APARTAMENTO 6 ZONA 21 COLONIA VENEZUELA, GUATEMALA');
INSERT INTO AGENCIA (NOMBRE, DIRECCION) VALUES ('LA TORRE', '16 CALLE 0-55 ZONA 10, TORRE INTERNACIONAL, PISO 9, OFICINA 901, GUATEMALA');
INSERT INTO AGENCIA (NOMBRE, DIRECCION) VALUES ('CENTRO CIVICO', '9 AV 4-23 Z-2 BARRIO SAN MARCOS, GUATEMALA');
INSERT INTO AGENCIA (NOMBRE, DIRECCION) VALUES ('METRONORTE', 'AVENIDA BANDEGUA 4-17 ZONA 1 MORALES IZABAL, GUATEMALA');

-- -----------------------------------------------------
-- TABLA CLIENTE
-- -----------------------------------------------------
INSERT INTO CLIENTE (DPI, ID_PATENTE, FECHA_REGISTRO) VALUES ('1234567890102', '', TO_DATE('15/01/2018 10:00','DD/MM/YYYY HH24:MI'));
INSERT INTO CLIENTE (DPI, ID_PATENTE, FECHA_REGISTRO) VALUES ('2345678910103', '', TO_DATE('13/02/2018 09:10','DD/MM/YYYY HH24:MI'));
INSERT INTO CLIENTE (DPI, ID_PATENTE, FECHA_REGISTRO) VALUES ('3456789930104', '', TO_DATE('05/04/2018 08:16','DD/MM/YYYY HH24:MI'));
INSERT INTO CLIENTE (DPI, ID_PATENTE, FECHA_REGISTRO) VALUES ('4567900950105', '', TO_DATE('08/04/2018 10:05','DD/MM/YYYY HH24:MI'));
INSERT INTO CLIENTE (DPI, ID_PATENTE, FECHA_REGISTRO) VALUES ('5679011970106', '', TO_DATE('09/04/2018 10:50','DD/MM/YYYY HH24:MI'));
INSERT INTO CLIENTE (DPI, ID_PATENTE, FECHA_REGISTRO) VALUES ('', '354569', TO_DATE('10/04/2018 11:09','DD/MM/YYYY HH24:MI'));
INSERT INTO CLIENTE (DPI, ID_PATENTE, FECHA_REGISTRO) VALUES ('', '546799', TO_DATE('05/05/2018 12:21','DD/MM/YYYY HH24:MI'));
INSERT INTO CLIENTE (DPI, ID_PATENTE, FECHA_REGISTRO) VALUES ('', '789456', TO_DATE('06/07/2018 16:16','DD/MM/YYYY HH24:MI'));
INSERT INTO CLIENTE (DPI, ID_PATENTE, FECHA_REGISTRO) VALUES ('', '998495', TO_DATE('17/10/2018 15:01','DD/MM/YYYY HH24:MI'));
INSERT INTO CLIENTE (DPI, ID_PATENTE, FECHA_REGISTRO) VALUES ('', '998786', TO_DATE('16/11/2018 08:43','DD/MM/YYYY HH24:MI'));

-- -----------------------------------------------------
-- TABLA CUENTA
-- -----------------------------------------------------
INSERT INTO CUENTA VALUES ('2-001-0000001-9', '1', '1', TO_DATE('15/01/2018 10:00','DD/MM/YYYY HH24:MI'), '300', '0', TO_DATE('15/01/2018 10:00','DD/MM/YYYY HH24:MI'), '2', 'ACTIVO', '7', '9', '');
INSERT INTO CUENTA VALUES ('1-002-0000001-8', '2', '2', TO_DATE('13/02/2018 09:10','DD/MM/YYYY HH24:MI'), '250', '0', TO_DATE('13/02/2018 09:10','DD/MM/YYYY HH24:MI'), '1', 'ACTIVO', '8', '', '');
INSERT INTO CUENTA VALUES ('1-003-0000001-1', '3', '3', TO_DATE('05/04/2018 08:16','DD/MM/YYYY HH24:MI'), '100', '0', TO_DATE('05/04/2018 08:16','DD/MM/YYYY HH24:MI'), '1', 'ACTIVO', '11', '17', '');
INSERT INTO CUENTA VALUES ('1-001-0000002-5', '4', '1', TO_DATE('08/04/2018 10:05','DD/MM/YYYY HH24:MI'), '2000', '0', TO_DATE('08/04/2018 10:05','DD/MM/YYYY HH24:MI'), '1', 'ACTIVO', '3', '4', '5');
INSERT INTO CUENTA VALUES ('2-002-0000002-9', '5', '2', TO_DATE('09/04/2018 10:50','DD/MM/YYYY HH24:MI'), '100', '0', TO_DATE('09/04/2018 10:50','DD/MM/YYYY HH24:MI'), '2', 'ACTIVO', '1', '2', '');
INSERT INTO CUENTA VALUES ('1-004-0000001-0', '6', '4', TO_DATE('10/04/2018 11:09','DD/MM/YYYY HH24:MI'), '1000', '0', TO_DATE('10/04/2018 11:09','DD/MM/YYYY HH24:MI'), '1', 'ACTIVO', '1', '', '');
INSERT INTO CUENTA VALUES ('2-005-0000001-4', '7', '5', TO_DATE('05/05/2018 12:21','DD/MM/YYYY HH24:MI'), '150', '0', TO_DATE('05/05/2018 12:21','DD/MM/YYYY HH24:MI'), '2', 'ACTIVO', '6', '', '');
INSERT INTO CUENTA VALUES ('2-003-0000002-6', '8', '3', TO_DATE('06/07/2018 16:16','DD/MM/YYYY HH24:MI'), '900', '0', TO_DATE('06/07/2018 16:16','DD/MM/YYYY HH24:MI'), '2', 'ACTIVO', '15', '16', '');
INSERT INTO CUENTA VALUES ('1-005-0000002-3', '9', '5', TO_DATE('17/10/2018 15:01','DD/MM/YYYY HH24:MI'), '100', '0', TO_DATE('17/10/2018 15:01','DD/MM/YYYY HH24:MI'), '1', 'ACTIVO', '12', '13', '14');
INSERT INTO CUENTA VALUES ('1-002-0000003-7', '10', '2', TO_DATE('16/11/2018 08:43','DD/MM/YYYY HH24:MI'), '600', '0', TO_DATE('16/11/2018 08:43','DD/MM/YYYY HH24:MI'), '1','ACTIVO', '10', '', '');

-- -----------------------------------------------------
-- OPERACION PLANILLA
-- -----------------------------------------------------
--INSERT INTO OPERACION_PLANILLA (no_cuenta_origen, fecha_hora_inicio, fecha_hora_fin, total_pagado, status) VALUES ('', '', '', '', '');

-- -----------------------------------------------------
-- TABLA ROLES
-- -----------------------------------------------------
INSERT INTO ROL (TIPO) VALUES ('Administrador');
INSERT INTO ROL (TIPO) VALUES ('Gerente');
INSERT INTO ROL (TIPO) VALUES ('Supervisor');
INSERT INTO ROL (TIPO) VALUES ('Cajero');

-- -----------------------------------------------------
-- TABLA EMPLEADO
-- -----------------------------------------------------
INSERT INTO EMPLEADO (DPI, FECHA_ALTA, FECHA_BAJA, ACTIVO, USUARIO, PASSWORD, ROL) VALUES ('1790123400108', TO_DATE('20/05/2014','dd/mm/yyyy'), '', 'S', 'a', 'a', '1');
INSERT INTO EMPLEADO (DPI, FECHA_ALTA, FECHA_BAJA, ACTIVO, USUARIO, PASSWORD, ROL) VALUES ('1012345600110', TO_DATE('15/02/2015','dd/mm/yyyy'), '', 'S', 'iperez', 'contraseña', '2');
INSERT INTO EMPLEADO (DPI, FECHA_ALTA, FECHA_BAJA, ACTIVO, USUARIO, PASSWORD, ROL) VALUES ('1212345650302', TO_DATE('19/03/2015','dd/mm/yyyy'),  TO_DATE('20/03/2016','dd/mm/yyyy'), 'N', 'mmorales', '123pass', '3');
INSERT INTO EMPLEADO (DPI, FECHA_ALTA, FECHA_BAJA, ACTIVO, USUARIO, PASSWORD, ROL) VALUES ('1123456700111', TO_DATE('23/09/2015','dd/mm/yyyy'), '', 'S', 'jguzman', 'jupiter1312', '4');
INSERT INTO EMPLEADO (DPI, FECHA_ALTA, FECHA_BAJA, ACTIVO, USUARIO, PASSWORD, ROL) VALUES ('1123456700111', TO_DATE('01/01/2016','dd/mm/yyyy'), '', 'N', 'aquijay', 'contraseña$', '4');
INSERT INTO EMPLEADO (DPI, FECHA_ALTA, FECHA_BAJA, ACTIVO, USUARIO, PASSWORD, ROL) VALUES ('2901234500109', TO_DATE('08/01/2016','dd/mm/yyyy'), '', 'S', 'ckilou', 'kilogram5', '4');
INSERT INTO EMPLEADO (DPI, FECHA_ALTA, FECHA_BAJA, ACTIVO, USUARIO, PASSWORD, ROL) VALUES ('1012345600110', TO_DATE('07/01/2017','dd/mm/yyyy'), '', 'S', 'dcid', 'monica54', '2');
INSERT INTO EMPLEADO (DPI, FECHA_ALTA, FECHA_BAJA, ACTIVO, USUARIO, PASSWORD, ROL) VALUES ('9012345030109', TO_DATE('01/02/2017','dd/mm/yyyy'), '', 'S', 'ulaparra', 'login3', '3');
INSERT INTO EMPLEADO (DPI, FECHA_ALTA, FECHA_BAJA, ACTIVO, USUARIO, PASSWORD, ROL) VALUES ('7901234010108', TO_DATE('11/03/2017','dd/mm/yyyy'), '', 'S', 'pkojol', 'hola1', '4');
INSERT INTO EMPLEADO (DPI, FECHA_ALTA, FECHA_BAJA, ACTIVO, USUARIO, PASSWORD, ROL) VALUES ('6790122990107', TO_DATE('10/04/2017','dd/mm/yyyy'), '', 'S', 'mmendizabal', 'Pasword$23', '4');

-- -----------------------------------------------------
-- TABLA CAJA
-- -----------------------------------------------------
INSERT INTO CAJA (ID_AGENCIA, SALDO) VALUES ('1', '10000');
INSERT INTO CAJA (ID_AGENCIA, SALDO) VALUES ('2', '8000');
INSERT INTO CAJA (ID_AGENCIA, SALDO) VALUES ('3', '8000');
INSERT INTO CAJA (ID_AGENCIA, SALDO) VALUES ('4', '8000');
INSERT INTO CAJA (ID_AGENCIA, SALDO) VALUES ('5', '10000');
INSERT INTO CAJA (ID_AGENCIA, SALDO) VALUES ('2', '13000');
INSERT INTO CAJA (ID_AGENCIA, SALDO) VALUES ('5', '11000');
INSERT INTO CAJA (ID_AGENCIA, SALDO) VALUES ('1', '10000');
INSERT INTO CAJA (ID_AGENCIA, SALDO) VALUES ('5', '8000');
INSERT INTO CAJA (ID_AGENCIA, SALDO) VALUES ('1', '50000');

-- -----------------------------------------------------
-- TABLA CAJERO
-- ----------------------------------------------------
INSERT INTO CAJERO (ID_EMPLEADO, ID_CAJA, FECHA_HORA) VALUES ('4', '1', TO_DATE('23/09/2015','dd/mm/yyyy'));
INSERT INTO CAJERO (ID_EMPLEADO, ID_CAJA, FECHA_HORA) VALUES ('5', '2', TO_DATE('01/01/2016','dd/mm/yyyy'));
INSERT INTO CAJERO (ID_EMPLEADO, ID_CAJA, FECHA_HORA) VALUES ('6', '3',  TO_DATE('08/01/2016','dd/mm/yyyy'));
INSERT INTO CAJERO (ID_EMPLEADO, ID_CAJA, FECHA_HORA) VALUES ('9', '4',  TO_DATE('11/03/2017','dd/mm/yyyy'));
INSERT INTO CAJERO (ID_EMPLEADO, ID_CAJA, FECHA_HORA) VALUES ('10', '5',  TO_DATE('10/04/2017','dd/mm/yyyy'));

-- -----------------------------------------------------
-- TABLA OPERACION
-- -----------------------------------------------------
INSERT INTO OPERACION (FECHA_HORA, NO_CUENTA_ORIGEN, TIPO_OPERACION, STATUS, SALDO_INICIAL_ORIGEN,SALDO_FINAL_ORIGEN,MONTO_TOTAL_OPERADO,ID_CAJERO) 
VALUES (TO_DATE('15/01/2018 10:00','DD/MM/YYYY HH24:MI'),'2-001-0000001-9','APERTURA','CORRECTO','0','300','300','1');

INSERT INTO OPERACION (FECHA_HORA, NO_CUENTA_ORIGEN, TIPO_OPERACION, STATUS, SALDO_INICIAL_ORIGEN,SALDO_FINAL_ORIGEN,MONTO_TOTAL_OPERADO,ID_CAJERO) 
VALUES (TO_DATE('13/02/2018 09:10','DD/MM/YYYY HH24:MI'),'1-002-0000001-8','APERTURA','CORRECTO','0','250','250','2');

INSERT INTO OPERACION (FECHA_HORA, NO_CUENTA_ORIGEN, TIPO_OPERACION, STATUS, SALDO_INICIAL_ORIGEN,SALDO_FINAL_ORIGEN,MONTO_TOTAL_OPERADO,ID_CAJERO) 
VALUES (TO_DATE('05/04/2018 08:16','DD/MM/YYYY HH24:MI'),'1-003-0000001-1','APERTURA','CORRECTO','0','100','100','3');

INSERT INTO OPERACION (FECHA_HORA, NO_CUENTA_ORIGEN, TIPO_OPERACION, STATUS, SALDO_INICIAL_ORIGEN,SALDO_FINAL_ORIGEN,MONTO_TOTAL_OPERADO,ID_CAJERO) 
VALUES (TO_DATE('08/04/2018 10:05','DD/MM/YYYY HH24:MI'),'1-001-0000002-5','APERTURA','CORRECTO','0','2000','2000','1');

INSERT INTO OPERACION (FECHA_HORA, NO_CUENTA_ORIGEN, TIPO_OPERACION, STATUS, SALDO_INICIAL_ORIGEN,SALDO_FINAL_ORIGEN,MONTO_TOTAL_OPERADO,ID_CAJERO) 
VALUES (TO_DATE('09/04/2018 10:50','DD/MM/YYYY HH24:MI'),'2-002-0000002-9','APERTURA','CORRECTO','0','100','100','2');

INSERT INTO OPERACION (FECHA_HORA, NO_CUENTA_ORIGEN, TIPO_OPERACION, STATUS, SALDO_INICIAL_ORIGEN,SALDO_FINAL_ORIGEN,MONTO_TOTAL_OPERADO,ID_CAJERO) 
VALUES (TO_DATE('10/04/2018 11:09','DD/MM/YYYY HH24:MI'),'1-004-0000001-0','APERTURA','CORRECTO','0','1000','1000','4');

INSERT INTO OPERACION (FECHA_HORA, NO_CUENTA_ORIGEN, TIPO_OPERACION, STATUS, SALDO_INICIAL_ORIGEN,SALDO_FINAL_ORIGEN,MONTO_TOTAL_OPERADO,ID_CAJERO) 
VALUES (TO_DATE('05/05/2018 12:21','DD/MM/YYYY HH24:MI'),'2-005-0000001-4','APERTURA','CORRECTO','0','150','150','5');

INSERT INTO OPERACION (FECHA_HORA, NO_CUENTA_ORIGEN, TIPO_OPERACION, STATUS, SALDO_INICIAL_ORIGEN,SALDO_FINAL_ORIGEN,MONTO_TOTAL_OPERADO,ID_CAJERO) 
VALUES (TO_DATE('06/07/2018 16:16','DD/MM/YYYY HH24:MI'),'2-003-0000002-6','APERTURA','CORRECTO','0','900','900','3');

INSERT INTO OPERACION (FECHA_HORA, NO_CUENTA_ORIGEN, TIPO_OPERACION, STATUS, SALDO_INICIAL_ORIGEN,SALDO_FINAL_ORIGEN,MONTO_TOTAL_OPERADO,ID_CAJERO) 
VALUES (TO_DATE('17/10/2018 15:01','DD/MM/YYYY HH24:MI'),'1-005-0000002-3','APERTURA','CORRECTO','0','100','100','5');

INSERT INTO OPERACION (FECHA_HORA, NO_CUENTA_ORIGEN, TIPO_OPERACION, STATUS, SALDO_INICIAL_ORIGEN,SALDO_FINAL_ORIGEN,MONTO_TOTAL_OPERADO,ID_CAJERO) 
VALUES (TO_DATE('16/11/2018 08:43','DD/MM/YYYY HH24:MI'),'1-002-0000003-7','APERTURA','CORRECTO','0','600','600','2');

-- -----------------------------------------------------
-- TABLA CHEQUERA
-- -----------------------------------------------------
INSERT INTO CHEQUERA (NO_CUENTA,BLOQUEADA) VALUES ('2-001-0000001-9', 'S');
INSERT INTO CHEQUERA (NO_CUENTA,BLOQUEADA) VALUES ('2-002-0000002-9', 'S');
INSERT INTO CHEQUERA (NO_CUENTA,BLOQUEADA) VALUES ('2-005-0000001-4', 'S');
INSERT INTO CHEQUERA (NO_CUENTA,BLOQUEADA) VALUES ('2-003-0000002-6', 'S');

-- -----------------------------------------------------
-- TABLA CHEQUE
-- -----------------------------------------------------
INSERT INTO CHEQUE (NO_CHEQUERA, ESTADO) VALUES ('1', 'ACTIVO');
INSERT INTO CHEQUE (NO_CHEQUERA, ESTADO) VALUES ('1', 'ACTIVO');
INSERT INTO CHEQUE (NO_CHEQUERA, ESTADO) VALUES ('1', 'ACTIVO');
INSERT INTO CHEQUE (NO_CHEQUERA, ESTADO) VALUES ('1', 'ACTIVO');
INSERT INTO CHEQUE (NO_CHEQUERA, ESTADO) VALUES ('1', 'ACTIVO');
INSERT INTO CHEQUE (NO_CHEQUERA, ESTADO) VALUES ('1', 'ACTIVO');
INSERT INTO CHEQUE (NO_CHEQUERA, ESTADO) VALUES ('1', 'ACTIVO');
INSERT INTO CHEQUE (NO_CHEQUERA, ESTADO) VALUES ('1', 'ACTIVO');
INSERT INTO CHEQUE (NO_CHEQUERA, ESTADO) VALUES ('1', 'ACTIVO');
INSERT INTO CHEQUE (NO_CHEQUERA, ESTADO) VALUES ('1', 'ACTIVO');
INSERT INTO CHEQUE (NO_CHEQUERA, ESTADO) VALUES ('1', 'ACTIVO');
INSERT INTO CHEQUE (NO_CHEQUERA, ESTADO) VALUES ('1', 'ACTIVO');
INSERT INTO CHEQUE (NO_CHEQUERA, ESTADO) VALUES ('1', 'ACTIVO');
INSERT INTO CHEQUE (NO_CHEQUERA, ESTADO) VALUES ('1', 'ACTIVO');
INSERT INTO CHEQUE (NO_CHEQUERA, ESTADO) VALUES ('1', 'ACTIVO');
INSERT INTO CHEQUE (NO_CHEQUERA, ESTADO) VALUES ('1', 'ACTIVO');
INSERT INTO CHEQUE (NO_CHEQUERA, ESTADO) VALUES ('1', 'ACTIVO');
INSERT INTO CHEQUE (NO_CHEQUERA, ESTADO) VALUES ('1', 'ACTIVO');
INSERT INTO CHEQUE (NO_CHEQUERA, ESTADO) VALUES ('1', 'ACTIVO');
INSERT INTO CHEQUE (NO_CHEQUERA, ESTADO) VALUES ('1', 'ACTIVO');

INSERT INTO CHEQUE (NO_CHEQUERA, ESTADO) VALUES ('2', 'ACTIVO');
INSERT INTO CHEQUE (NO_CHEQUERA, ESTADO) VALUES ('2', 'ACTIVO');
INSERT INTO CHEQUE (NO_CHEQUERA, ESTADO) VALUES ('2', 'ACTIVO');
INSERT INTO CHEQUE (NO_CHEQUERA, ESTADO) VALUES ('2', 'ACTIVO');
INSERT INTO CHEQUE (NO_CHEQUERA, ESTADO) VALUES ('2', 'ACTIVO');
INSERT INTO CHEQUE (NO_CHEQUERA, ESTADO) VALUES ('2', 'ACTIVO');
INSERT INTO CHEQUE (NO_CHEQUERA, ESTADO) VALUES ('2', 'ACTIVO');
INSERT INTO CHEQUE (NO_CHEQUERA, ESTADO) VALUES ('2', 'ACTIVO');
INSERT INTO CHEQUE (NO_CHEQUERA, ESTADO) VALUES ('2', 'ACTIVO');
INSERT INTO CHEQUE (NO_CHEQUERA, ESTADO) VALUES ('2', 'ACTIVO');
INSERT INTO CHEQUE (NO_CHEQUERA, ESTADO) VALUES ('2', 'ACTIVO');
INSERT INTO CHEQUE (NO_CHEQUERA, ESTADO) VALUES ('2', 'ACTIVO');
INSERT INTO CHEQUE (NO_CHEQUERA, ESTADO) VALUES ('2', 'ACTIVO');
INSERT INTO CHEQUE (NO_CHEQUERA, ESTADO) VALUES ('2', 'ACTIVO');
INSERT INTO CHEQUE (NO_CHEQUERA, ESTADO) VALUES ('2', 'ACTIVO');
INSERT INTO CHEQUE (NO_CHEQUERA, ESTADO) VALUES ('2', 'ACTIVO');
INSERT INTO CHEQUE (NO_CHEQUERA, ESTADO) VALUES ('2', 'ACTIVO');
INSERT INTO CHEQUE (NO_CHEQUERA, ESTADO) VALUES ('2', 'ACTIVO');
INSERT INTO CHEQUE (NO_CHEQUERA, ESTADO) VALUES ('2', 'ACTIVO');
INSERT INTO CHEQUE (NO_CHEQUERA, ESTADO) VALUES ('2', 'ACTIVO');

INSERT INTO CHEQUE (NO_CHEQUERA, ESTADO) VALUES ('3', 'ACTIVO');
INSERT INTO CHEQUE (NO_CHEQUERA, ESTADO) VALUES ('3', 'ACTIVO');
INSERT INTO CHEQUE (NO_CHEQUERA, ESTADO) VALUES ('3', 'ACTIVO');
INSERT INTO CHEQUE (NO_CHEQUERA, ESTADO) VALUES ('3', 'ACTIVO');
INSERT INTO CHEQUE (NO_CHEQUERA, ESTADO) VALUES ('3', 'ACTIVO');
INSERT INTO CHEQUE (NO_CHEQUERA, ESTADO) VALUES ('3', 'ACTIVO');
INSERT INTO CHEQUE (NO_CHEQUERA, ESTADO) VALUES ('3', 'ACTIVO');
INSERT INTO CHEQUE (NO_CHEQUERA, ESTADO) VALUES ('3', 'ACTIVO');
INSERT INTO CHEQUE (NO_CHEQUERA, ESTADO) VALUES ('3', 'ACTIVO');
INSERT INTO CHEQUE (NO_CHEQUERA, ESTADO) VALUES ('3', 'ACTIVO');
INSERT INTO CHEQUE (NO_CHEQUERA, ESTADO) VALUES ('3', 'ACTIVO');
INSERT INTO CHEQUE (NO_CHEQUERA, ESTADO) VALUES ('3', 'ACTIVO');
INSERT INTO CHEQUE (NO_CHEQUERA, ESTADO) VALUES ('3', 'ACTIVO');
INSERT INTO CHEQUE (NO_CHEQUERA, ESTADO) VALUES ('3', 'ACTIVO');
INSERT INTO CHEQUE (NO_CHEQUERA, ESTADO) VALUES ('3', 'ACTIVO');
INSERT INTO CHEQUE (NO_CHEQUERA, ESTADO) VALUES ('3', 'ACTIVO');
INSERT INTO CHEQUE (NO_CHEQUERA, ESTADO) VALUES ('3', 'ACTIVO');
INSERT INTO CHEQUE (NO_CHEQUERA, ESTADO) VALUES ('3', 'ACTIVO');
INSERT INTO CHEQUE (NO_CHEQUERA, ESTADO) VALUES ('3', 'ACTIVO');
INSERT INTO CHEQUE (NO_CHEQUERA, ESTADO) VALUES ('3', 'ACTIVO');

INSERT INTO CHEQUE (NO_CHEQUERA, ESTADO) VALUES ('4', 'ACTIVO');
INSERT INTO CHEQUE (NO_CHEQUERA, ESTADO) VALUES ('4', 'ACTIVO');
INSERT INTO CHEQUE (NO_CHEQUERA, ESTADO) VALUES ('4', 'ACTIVO');
INSERT INTO CHEQUE (NO_CHEQUERA, ESTADO) VALUES ('4', 'ACTIVO');
INSERT INTO CHEQUE (NO_CHEQUERA, ESTADO) VALUES ('4', 'ACTIVO');
INSERT INTO CHEQUE (NO_CHEQUERA, ESTADO) VALUES ('4', 'ACTIVO');
INSERT INTO CHEQUE (NO_CHEQUERA, ESTADO) VALUES ('4', 'ACTIVO');
INSERT INTO CHEQUE (NO_CHEQUERA, ESTADO) VALUES ('4', 'ACTIVO');
INSERT INTO CHEQUE (NO_CHEQUERA, ESTADO) VALUES ('4', 'ACTIVO');
INSERT INTO CHEQUE (NO_CHEQUERA, ESTADO) VALUES ('4', 'ACTIVO');
INSERT INTO CHEQUE (NO_CHEQUERA, ESTADO) VALUES ('4', 'ACTIVO');
INSERT INTO CHEQUE (NO_CHEQUERA, ESTADO) VALUES ('4', 'ACTIVO');
INSERT INTO CHEQUE (NO_CHEQUERA, ESTADO) VALUES ('4', 'ACTIVO');
INSERT INTO CHEQUE (NO_CHEQUERA, ESTADO) VALUES ('4', 'ACTIVO');
INSERT INTO CHEQUE (NO_CHEQUERA, ESTADO) VALUES ('4', 'ACTIVO');
INSERT INTO CHEQUE (NO_CHEQUERA, ESTADO) VALUES ('4', 'ACTIVO');
INSERT INTO CHEQUE (NO_CHEQUERA, ESTADO) VALUES ('4', 'ACTIVO');
INSERT INTO CHEQUE (NO_CHEQUERA, ESTADO) VALUES ('4', 'ACTIVO');
INSERT INTO CHEQUE (NO_CHEQUERA, ESTADO) VALUES ('4', 'ACTIVO');
INSERT INTO CHEQUE (NO_CHEQUERA, ESTADO) VALUES ('4', 'ACTIVO');

-- -----------------------------------------------------
-- TABLA APERTURA_CAJA
-- -----------------------------------------------------
INSERT INTO APERTURA_CIERRE (TIPO, FECHA_HORA, SALDO, TOTAL_DOCUMENTOS, ID_CAJERO) VALUES ('APERTURA',TO_DATE('15/01/2018 08:00','DD/MM/YYYY HH24:MI'), '10000','0','1');
INSERT INTO APERTURA_CIERRE (TIPO, FECHA_HORA, SALDO, TOTAL_DOCUMENTOS, ID_CAJERO) VALUES ('CIERRE',TO_DATE('15/01/2018 17:00','DD/MM/YYYY HH24:MI'), '10300','0','1');

INSERT INTO APERTURA_CIERRE (TIPO, FECHA_HORA, SALDO, TOTAL_DOCUMENTOS, ID_CAJERO) VALUES ('APERTURA',TO_DATE('13/02/2018 08:00','DD/MM/YYYY HH24:MI'), '8000','0','2');
INSERT INTO APERTURA_CIERRE (TIPO, FECHA_HORA, SALDO, TOTAL_DOCUMENTOS, ID_CAJERO) VALUES ('CIERRE',TO_DATE('13/02/2018 17:00','DD/MM/YYYY HH24:MI'), '8250','0','2');

INSERT INTO APERTURA_CIERRE (TIPO, FECHA_HORA, SALDO, TOTAL_DOCUMENTOS, ID_CAJERO) VALUES ('APERTURA',TO_DATE('05/04/2018 08:00','DD/MM/YYYY HH24:MI'), '8000','0','3');
INSERT INTO APERTURA_CIERRE (TIPO, FECHA_HORA, SALDO, TOTAL_DOCUMENTOS, ID_CAJERO) VALUES ('CIERRE',TO_DATE('05/04/2018 17:00','DD/MM/YYYY HH24:MI'), '8100','0','3');

INSERT INTO APERTURA_CIERRE (TIPO, FECHA_HORA, SALDO, TOTAL_DOCUMENTOS, ID_CAJERO) VALUES ('APERTURA',TO_DATE('08/04/2018 08:00','DD/MM/YYYY HH24:MI'), '10300','0','1');
INSERT INTO APERTURA_CIERRE (TIPO, FECHA_HORA, SALDO, TOTAL_DOCUMENTOS, ID_CAJERO) VALUES ('CIERRE',TO_DATE('08/04/2018 17:00','DD/MM/YYYY HH24:MI'), '12300','0','1');

INSERT INTO APERTURA_CIERRE (TIPO, FECHA_HORA, SALDO, TOTAL_DOCUMENTOS, ID_CAJERO) VALUES ('APERTURA',TO_DATE('09/04/2018 08:00','DD/MM/YYYY HH24:MI'), '8250','0','2');
INSERT INTO APERTURA_CIERRE (TIPO, FECHA_HORA, SALDO, TOTAL_DOCUMENTOS, ID_CAJERO) VALUES ('CIERRE',TO_DATE('09/04/2018 17:00','DD/MM/YYYY HH24:MI'), '8350','0','2');

INSERT INTO APERTURA_CIERRE (TIPO, FECHA_HORA, SALDO, TOTAL_DOCUMENTOS, ID_CAJERO) VALUES ('APERTURA',TO_DATE('10/04/2018 08:00','DD/MM/YYYY HH24:MI'), '8000','0','4');
INSERT INTO APERTURA_CIERRE (TIPO, FECHA_HORA, SALDO, TOTAL_DOCUMENTOS, ID_CAJERO) VALUES ('CIERRE',TO_DATE('10/04/2018 17:00','DD/MM/YYYY HH24:MI'), '9000','0','4');

INSERT INTO APERTURA_CIERRE (TIPO, FECHA_HORA, SALDO, TOTAL_DOCUMENTOS, ID_CAJERO) VALUES ('APERTURA',TO_DATE('05/05/2018 08:00','DD/MM/YYYY HH24:MI'), '10000','0','5');
INSERT INTO APERTURA_CIERRE (TIPO, FECHA_HORA, SALDO, TOTAL_DOCUMENTOS, ID_CAJERO) VALUES ('CIERRE',TO_DATE('05/05/2018 17:00','DD/MM/YYYY HH24:MI'), '10150','0','5');

INSERT INTO APERTURA_CIERRE (TIPO, FECHA_HORA, SALDO, TOTAL_DOCUMENTOS, ID_CAJERO) VALUES ('APERTURA',TO_DATE('06/07/2018 08:00','DD/MM/YYYY HH24:MI'), '8100','0','3');
INSERT INTO APERTURA_CIERRE (TIPO, FECHA_HORA, SALDO, TOTAL_DOCUMENTOS, ID_CAJERO) VALUES ('CIERRE',TO_DATE('06/07/2018 17:00','DD/MM/YYYY HH24:MI'), '9000','0','3');

INSERT INTO APERTURA_CIERRE (TIPO, FECHA_HORA, SALDO, TOTAL_DOCUMENTOS, ID_CAJERO) VALUES ('APERTURA',TO_DATE('17/10/2018 08:00','DD/MM/YYYY HH24:MI'), '10150','0','5');
INSERT INTO APERTURA_CIERRE (TIPO, FECHA_HORA, SALDO, TOTAL_DOCUMENTOS, ID_CAJERO) VALUES ('CIERRE',TO_DATE('17/10/2018 17:00','DD/MM/YYYY HH24:MI'), '10250','0','5');

INSERT INTO APERTURA_CIERRE (TIPO, FECHA_HORA, SALDO, TOTAL_DOCUMENTOS, ID_CAJERO) VALUES ('APERTURA',TO_DATE('16/11/2018 08:00','DD/MM/YYYY HH24:MI'), '8350','0','2');
INSERT INTO APERTURA_CIERRE (TIPO, FECHA_HORA, SALDO, TOTAL_DOCUMENTOS, ID_CAJERO) VALUES ('CIERRE',TO_DATE('16/11/2018 17:00','DD/MM/YYYY HH24:MI'), '8950','0','2');

-- -----------------------------------------------------
-- TABLA LIBRETA
-- -----------------------------------------------------
INSERT INTO LIBRETA (NO_CUENTA, ESTADO, FECHA_ASIGNACION, FECHA_VENCIMIENTO) VALUES ('1-002-0000001-8','ACTIVA',TO_DATE('13/02/2018','dd/mm/yyyy'),TO_DATE('13/02/2020','dd/mm/yyyy'));
INSERT INTO LIBRETA (NO_CUENTA, ESTADO, FECHA_ASIGNACION, FECHA_VENCIMIENTO) VALUES ('1-003-0000001-1','ACTIVA',TO_DATE('05/04/2018','dd/mm/yyyy'),TO_DATE('05/04/2020','dd/mm/yyyy'));
INSERT INTO LIBRETA (NO_CUENTA, ESTADO, FECHA_ASIGNACION, FECHA_VENCIMIENTO) VALUES ('1-001-0000002-5','ACTIVA',TO_DATE('08/04/2018','dd/mm/yyyy'),TO_DATE('08/04/2020','dd/mm/yyyy'));
INSERT INTO LIBRETA (NO_CUENTA, ESTADO, FECHA_ASIGNACION, FECHA_VENCIMIENTO) VALUES ('1-004-0000001-0','ACTIVA',TO_DATE('10/04/2018','dd/mm/yyyy'),TO_DATE('10/04/2020','dd/mm/yyyy'));
INSERT INTO LIBRETA (NO_CUENTA, ESTADO, FECHA_ASIGNACION, FECHA_VENCIMIENTO) VALUES ('1-005-0000002-3','ACTIVA',TO_DATE('17/10/2018','dd/mm/yyyy'),TO_DATE('17/10/2020','dd/mm/yyyy'));
INSERT INTO LIBRETA (NO_CUENTA, ESTADO, FECHA_ASIGNACION, FECHA_VENCIMIENTO) VALUES ('1-002-0000003-7','ACTIVA',TO_DATE('16/11/2018','dd/mm/yyyy'),TO_DATE('16/11/2020','dd/mm/yyyy'));

-- -----------------------------------------------------
-- TABLA LOGIN
-- -----------------------------------------------------
INSERT INTO LOGIN (ID_EMPLEADO, FECHA_HORA) VALUES ('1',TO_DATE('16/09/2013 15:10','DD/MM/YYYY HH24:MI'));
INSERT INTO LOGIN (ID_EMPLEADO, FECHA_HORA) VALUES ('2',TO_DATE('17/02/2014 14:11','DD/MM/YYYY HH24:MI'));
INSERT INTO LOGIN (ID_EMPLEADO, FECHA_HORA) VALUES ('3',TO_DATE('15/01/2015 11:13','DD/MM/YYYY HH24:MI'));
INSERT INTO LOGIN (ID_EMPLEADO, FECHA_HORA) VALUES ('4',TO_DATE('15/01/2018 08:00','DD/MM/YYYY HH24:MI'));
INSERT INTO LOGIN (ID_EMPLEADO, FECHA_HORA) VALUES ('5',TO_DATE('13/02/2018 08:00','DD/MM/YYYY HH24:MI'));
INSERT INTO LOGIN (ID_EMPLEADO, FECHA_HORA) VALUES ('6',TO_DATE('05/04/2018 18:00','DD/MM/YYYY HH24:MI'));
INSERT INTO LOGIN (ID_EMPLEADO, FECHA_HORA) VALUES ('4',TO_DATE('08/04/2018 08:00','DD/MM/YYYY HH24:MI'));
INSERT INTO LOGIN (ID_EMPLEADO, FECHA_HORA) VALUES ('5',TO_DATE('09/04/2018 08:00','DD/MM/YYYY HH24:MI'));
INSERT INTO LOGIN (ID_EMPLEADO, FECHA_HORA) VALUES ('9',TO_DATE('10/04/2018 08:00','DD/MM/YYYY HH24:MI'));
INSERT INTO LOGIN (ID_EMPLEADO, FECHA_HORA) VALUES ('10',TO_DATE('05/05/2018 08:00','DD/MM/YYYY HH24:MI'));
INSERT INTO LOGIN (ID_EMPLEADO, FECHA_HORA) VALUES ('6',TO_DATE('06/07/2018 18:00','DD/MM/YYYY HH24:MI'));
INSERT INTO LOGIN (ID_EMPLEADO, FECHA_HORA) VALUES ('10',TO_DATE('17/10/2018 08:00','DD/MM/YYYY HH24:MI'));
INSERT INTO LOGIN (ID_EMPLEADO, FECHA_HORA) VALUES ('5',TO_DATE('16/11/2018 08:00','DD/MM/YYYY HH24:MI'));

-- -----------------------------------------------------
-- TABLA TIPO_RECARGO
-- -----------------------------------------------------
INSERT INTO TIPO_RECARGO VALUES ('1', 'COBRO POR PAGO DE CHEQUE SIN FONDOS');
INSERT INTO TIPO_RECARGO VALUES ('2', 'COBRO POR MANEJO DE CUENTA');
INSERT INTO TIPO_RECARGO VALUES ('3', 'COBRO POR MANEJO DE TARJETA');
INSERT INTO TIPO_RECARGO VALUES ('4', 'COBRO POR IMPRESION DE ESTADOS');
INSERT INTO TIPO_RECARGO VALUES ('5', 'COBRO POR PAGO DE CHEQUE AJENO');
INSERT INTO TIPO_RECARGO VALUES ('6', 'COBRO POR SOBREGIRO');
INSERT INTO TIPO_RECARGO VALUES ('7', 'COBRO POR SALDO INFERIOR');
INSERT INTO TIPO_RECARGO VALUES ('8', 'COBRO POR MEMBRESIA');
INSERT INTO TIPO_RECARGO VALUES ('9', 'COBRO POR ISR POR INTERES');
INSERT INTO TIPO_RECARGO VALUES ('10', 'COBRO POR REPOSICION DE LIBRETA');

-- -----------------------------------------------------
-- TABLA RECARGO
-- -----------------------------------------------------
--INSERT INTO RECARGO (NO_CUENTA,RECARGO,TIPO,DEBITADO) VALUES ('','','','');

------------------------------------------------------
-- UPDATE NECESARIOS PARA CUENTA CAJA
-- -----------------------------------------------------
UPDATE CAJA SET SALDO='12300' WHERE ID_CAJA='1';
UPDATE CAJA SET SALDO='8950' WHERE ID_CAJA='2';
UPDATE CAJA SET SALDO='9000' WHERE ID_CAJA='3';
UPDATE CAJA SET SALDO='9000' WHERE ID_CAJA='4';
UPDATE CAJA SET SALDO='10250' WHERE ID_CAJA='5';






